{"regions":"Chennai","scripttype":"uidesign","CacheSetting":"WithCache","end_time":"Fri Jun 05 02:00:43 PDT 2020","scriptname":"Demo","no_of_iteration":1,"customerName":"CTSDev","platform":"Desktop","start_time":"Fri Jun 05 01:59:51 PDT 2020","Transactions":[{"firstUser":1753,"Avg_RT":1753,"sla":5000,"transactionName":"Home","_95_percentile":1753,"Iterations":[{"harPath":"C:\\CxPerf\\result\\Result1591347591008\\Zip\\Home_1.har","logjson":{"image":21,"css":3,"other":1,"xhr":0,"nwrequest":35,"pagesize":837688,"html":3,"javascript":5,"font":2},"itrstatus":"PASS","TotalRequestsCount":35,"responsetime":1789,"performancejson":{"DOMLoadingtoComplete":"746","img":15,"css":5,"other":4,"DOMLoadingtoLoaded":"462","ClientonLoadTime":"","PageSize":0,"nwrequest":32,"link":3,"onLoadTime":"","CacheLookup":"","onLoadExecuteTime":"","video":0,"DNSLookup":"","RedirectTime":"","ResponseTransmitTime":"","unLoadTime":"","InitialConnection":"480","iframe":0,"ConnectTime":"","TimeToFirstByte":"45","ClientTotalTime":"","DomComplete":"","TotalLoadTime":"1753","TCPConnect":"","xmlhttprequest":0,"RequestSubmit":"","ServerTime":"","script":5,"DownloadTime":"60","FirstImpression":"","TotalServerTime":"","DOMLoadingtoInteractive":"462"},"recommendation":[{"ruleHeader":"Errorneous Requests","Message":"No 400/404 HTTP errors found","Recommendation":"none"},{"ruleHeader":"Avoid Redirects","Message":"none","Recommendation":"none"},{"ruleHeader":"Avoid Duplicate calls","Message":"none","Recommendation":"none"},{"ruleHeader":"Leverage Browsing Cache","Message":"Url's without any expiry header:\n\n \u2022https://github.githubassets.com/assets/frameworks-bde286da8a2da653462f03445b922de3.css\n \n \u2022https://github.githubassets.com/assets/site-488747feed47d16ca6086c522afbfd90.css\n \n \u2022https://github.githubassets.com/assets/github-a2c9230351c4c19ab91e808a4595a852.css\n \n \u2022https://github.githubassets.com/images/search-key-slash.svg\n \n \u2022https://github.githubassets.com/images/modules/site/home/team.svg\n \n \u2022https://github.githubassets.com/assets/environment-bootstrap-63ce95f0.js\n \n \u2022https://github.githubassets.com/assets/vendor-0123205f.js\n \n \u2022https://github.githubassets.com/assets/frameworks-fe6f08d4.js\n \n \u2022https://github.githubassets.com/assets/github-bootstrap-aa23b8d6.js\n \n \u2022https://github.githubassets.com/assets/unsupported-bootstrap-af58003f.js\n \n \u2022https://github.githubassets.com/images/modules/site/heroes/simple-codelines.svg\n \n \u2022https://github.githubassets.com/images/modules/site/patterns/dots-small.svg\n \n \u2022https://github.githubassets.com/images/modules/site/patterns/contribution-graph.svg\n \n \u2022https://github.githubassets.com/images/modules/site/logos/airbnb-logo.png\n \n \u2022https://github.githubassets.com/images/modules/site/logos/sap-logo.png\n \n \u2022https://github.githubassets.com/images/modules/site/logos/ibm-logo.png\n \n \u2022https://github.githubassets.com/static/fonts/inter/Inter-Regular.woff\n \n \u2022https://github.githubassets.com/static/fonts/inter/Inter-Medium.woff\n \n \u2022https://github.githubassets.com/images/modules/site/logos/google-logo.png\n \n \u2022https://github.githubassets.com/images/modules/site/logos/paypal-logo.png\n \n \u2022https://github.githubassets.com/images/modules/site/logos/bloomberg-logo.png\n \n \u2022https://github.githubassets.com/images/modules/site/logos/spotify-logo.png\n \n \u2022https://github.githubassets.com/images/modules/site/logos/swift-logo.png\n \n \u2022https://github.githubassets.com/images/modules/site/logos/facebook-logo.png\n \n \u2022https://github.githubassets.com/images/modules/site/logos/node-logo.png\n \n \u2022https://github.githubassets.com/images/modules/site/logos/nasa-logo.png\n \n \u2022https://github.githubassets.com/images/modules/site/logos/walmart-logo.png\n \n \u2022https://github.githubassets.com/favicons/favicon.svg\n \n \u2022https://github.githubassets.com/favicons/favicon.png\n \n \u2022https://api.github.com/_private/browser/statsUrl's without cache control header:\n\n \u2022https://github.githubassets.com/images/search-key-slash.svg\n \n \u2022https://github.githubassets.com/images/modules/site/home/team.svg\n \n \u2022https://github.githubassets.com/images/modules/site/heroes/simple-codelines.svg\n \n \u2022https://github.githubassets.com/images/modules/site/patterns/dots-small.svg\n \n \u2022https://github.githubassets.com/images/modules/site/patterns/contribution-graph.svg\n \n \u2022https://github.githubassets.com/images/modules/site/logos/airbnb-logo.png\n \n \u2022https://github.githubassets.com/images/modules/site/logos/sap-logo.png\n \n \u2022https://github.githubassets.com/images/modules/site/logos/ibm-logo.png\n \n \u2022https://github.githubassets.com/static/fonts/inter/Inter-Regular.woff\n \n \u2022https://github.githubassets.com/static/fonts/inter/Inter-Medium.woff\n \n \u2022https://github.githubassets.com/images/modules/site/logos/google-logo.png\n \n \u2022https://github.githubassets.com/images/modules/site/logos/paypal-logo.png\n \n \u2022https://github.githubassets.com/images/modules/site/logos/bloomberg-logo.png\n \n \u2022https://github.githubassets.com/images/modules/site/logos/spotify-logo.png\n \n \u2022https://github.githubassets.com/images/modules/site/logos/swift-logo.png\n \n \u2022https://github.githubassets.com/images/modules/site/logos/facebook-logo.png\n \n \u2022https://github.githubassets.com/images/modules/site/logos/node-logo.png\n \n \u2022https://github.githubassets.com/images/modules/site/logos/nasa-logo.png\n \n \u2022https://github.githubassets.com/images/modules/site/logos/walmart-logo.png\n \n \u2022https://github.com/opensearch.xml\n \n \u2022https://github.githubassets.com/favicons/favicon.svg\n \n \u2022https://github.githubassets.com/favicons/favicon.png","Recommendation":"For having a good caching startegy, it is recommended to have cache control and expires header for all the resources.Also, as a best practice it is recommended that no resources should get 304 status."},{"ruleHeader":"Apply Compression Technique","Message":"No compression methodologies has been applied for the below URL's :\n\n \u2022https://github.githubassets.com/images/search-key-slash.svg\n \n \u2022https://github.githubassets.com/images/modules/site/home/team.svg\n \n \u2022https://github.githubassets.com/images/modules/site/heroes/simple-codelines.svg\n \n \u2022https://github.githubassets.com/images/modules/site/patterns/dots-small.svg\n \n \u2022https://github.githubassets.com/images/modules/site/patterns/contribution-graph.svg\n \n \u2022https://github.githubassets.com/static/fonts/inter/Inter-Regular.woff\n \n \u2022https://github.githubassets.com/static/fonts/inter/Inter-Medium.woff\n \n \u2022https://github.githubassets.com/favicons/favicon.svg\n \n \u2022https://www.google-analytics.com/r/collect\n \n \u2022https://api.github.com/_private/browser/stats\n \n \u2022https://collector.githubapp.com/github/page_view?dimensions[page=\n \u2022https%3A%2F%2Fgithub.com%2F&dimensions[title]=The%20world%E2%80%99s%20leading%20software%20development%20platform%20%C2%B7%20GitHub&dimensions[referrer]=&dimensions[user_agent]=Mozilla%2F5.0%20(Windows%20NT%2010.0%3B%20Win64%3B%20x64)%20AppleWebKit%2F537.36%20(KHTML%2C%20like%20Gecko)%20Chrome%2F77.0.3865.75%20Safari%2F537.36&dimensions[screen_resolution]=1280x720&dimensions[pixel_ratio]=1.5&dimensions[browser_resolution]=1036x529&dimensions[tz_seconds]=-25200&dimensions[timestamp]=1591347602699&dimensions[referrer]=&dimensions[request_id]=E211%3A2F08%3A1F6B2%3A2DB8C%3A5EDA0991&dimensions[visitor_id]=8261314903333800337&dimensions[region_edge]=ap-south-1&dimensions[region_render]=ap-south-1&dimensions[ga_id]=1320202212.1591347602&&measures[performance_timing]=1-480-10-1748-1002-1002-1002-540-2-2-2--1748-0---480-585-525-146--&&&dimensions[cid]=1923487266.1591347601\n \n \u2022https://www.gstatic.com/chrome/intelligence/assist/ranker/models/translate/2017/03/translate_ranker_model_20170329.pb.bin]","Recommendation":"It is recommended to apply gzip/deflate/br compression techniques to the resources by which we can minimize the amount of data getting transferred"},{"ruleHeader":"Combine CSS and JS","Message":"Please find the below URL: \n\n\nBelow urls from the domain-github.githubassets.com are the candidates for merging css:\n\n\n \u2022https://github.githubassets.com/assets/frameworks-bde286da8a2da653462f03445b922de3.css\n \n \u2022https://github.githubassets.com/assets/site-488747feed47d16ca6086c522afbfd90.css\n \n \u2022https://github.githubassets.com/assets/github-a2c9230351c4c19ab91e808a4595a852.css\n\nBelow urls from the domain-github.githubassets.com are the candidates for merging js:\n\n\n \u2022https://github.githubassets.com/assets/environment-bootstrap-63ce95f0.js\n \n \u2022https://github.githubassets.com/assets/vendor-0123205f.js\n \n \u2022https://github.githubassets.com/assets/frameworks-fe6f08d4.js\n \n \u2022https://github.githubassets.com/assets/github-bootstrap-aa23b8d6.js\n \n \u2022https://github.githubassets.com/assets/unsupported-bootstrap-af58003f.js","Recommendation":"Combine the candidate files into a single file or lesser multiple files which would reduce the number of network calls in the page."},{"ruleHeader":"Empty SRC or HREF Tags","Message":"3 instance(s) of empty SRC or HREF used in IMG,SCRIPT or LINK tag was found in the HTML document.","Recommendation":"Remove the tags from the HTML document to avoid unnecessary HTTP call to server."},{"ruleHeader":"Make JS as external","Message":"4 instance(s) of internal Javascript has been identified in the HTML page","Recommendation":"Make internal javascript to external. if javascript is not simple."},{"ruleHeader":"PUT javaScript at bottom","Message":"none","Recommendation":"none"},{"ruleHeader":"PUT CSS at top","Message":"none","Recommendation":"none"},{"ruleHeader":"Dimension of images needs to be mentioned","Message":"33 instance(s) of IMG has no WIDTH or HEIGHT or STYLE defined.Below are the images where dimensions has not been mentioned:\n\n \u2022https://github.githubassets.com/images/search-key-slash.svg\n \n \u2022https://github.githubassets.com/images/modules/site/logos/airbnb-logo.png\n \n \u2022https://github.githubassets.com/images/modules/site/logos/sap-logo.png\n \n \u2022https://github.githubassets.com/images/modules/site/logos/ibm-logo.png\n \n \u2022https://github.githubassets.com/images/modules/site/logos/google-logo.png\n \n \u2022https://github.githubassets.com/images/modules/site/logos/paypal-logo.png\n \n \u2022https://github.githubassets.com/images/modules/site/logos/bloomberg-logo.png\n \n \u2022https://github.githubassets.com/images/modules/site/logos/spotify-logo.png\n \n \u2022https://github.githubassets.com/images/modules/site/logos/swift-logo.png\n \n \u2022https://github.githubassets.com/images/modules/site/logos/facebook-logo.png\n \n \u2022https://github.githubassets.com/images/modules/site/logos/node-logo.png\n \n \u2022https://github.githubassets.com/images/modules/site/logos/nasa-logo.png\n \n \u2022https://github.githubassets.com/images/modules/site/logos/walmart-logo.png\n \n \u2022https://github.githubassets.com/images/modules/site/home/team.svg\n \n \u2022https://github.githubassets.com/images/modules/site/home/team-code.svg\n \n \u2022https://github.githubassets.com/images/modules/site/home/team-chaos.svg\n \n \u2022https://github.githubassets.com/images/modules/site/home/team-tools.svg\n \n \u2022https://customer-stories-feed.github.com/customer_stories/mgm-resorts/hero.jpg\n \n \u2022https://customer-stories-feed.github.com/customer_stories/nationwide/nw_hero.jpg\n \n \u2022https://customer-stories-feed.github.com/customer_stories/sap/sap6.jpg\n \n \u2022https://customer-stories-feed.github.com/customer_stories/spotify/spotifyhero.jpg\n \n \u2022https://github.githubassets.com/images/modules/site/home/business.png\n \n \u2022https://github.githubassets.com/images/modules/site/integrators/slackhq.png\n \n \u2022https://github.githubassets.com/images/modules/site/integrators/zenhubio.png\n \n \u2022https://github.githubassets.com/images/modules/site/integrators/travis-ci.png\n \n \u2022https://github.githubassets.com/images/modules/site/integrators/atom.png\n \n \u2022https://github.githubassets.com/images/modules/site/integrators/circleci.png\n \n \u2022https://github.githubassets.com/images/modules/site/integrators/google.png\n \n \u2022https://github.githubassets.com/images/modules/site/integrators/codeclimate.png\n \n \u2022https://customer-stories-feed.github.com/customer_stories/freakboy3742/hero.jpg\n \n \u2022https://customer-stories-feed.github.com/customer_stories/kris-nova/hero.jpg\n \n \u2022https://customer-stories-feed.github.com/customer_stories/yyx990803/hero.jpg\n \n \u2022https://customer-stories-feed.github.com/customer_stories/jessfraz/hero.jpg","Recommendation":"Be sure to specify dimensions on the image element or block-level parent to avoid browser reflow or repaint."},{"ruleHeader":"Avoid image scaling","Message":"3 instance(s) of IMG has scaling defined. Below are the images where scaling has been defined:\n\n \n ","Recommendation":"Make sure right size image used and avoid scaling in HTML"},{"ruleHeader":"Use of IFRAMES","Message":"none","Recommendation":"none"},{"ruleHeader":"Check for IMPORT tag","Message":"none","Recommendation":"none"},{"ruleHeader":"Avoid charset in meta tag","Message":"none","Recommendation":"none"},{"ruleHeader":"Server time consuming","Message":"Response time for the below individual request is over 500ms:\n\n \u2022https://github.com/\n \n \u2022https://api.github.com/_private/browser/stats\n \n \u2022https://collector.githubapp.com/github/page_view?dimensions[page=\n \u2022https%3A%2F%2Fgithub.com%2F&dimensions[title]=The%20world%E2%80%99s%20leading%20software%20development%20platform%20%C2%B7%20GitHub&dimensions[referrer]=&dimensions[user_agent]=Mozilla%2F5.0%20(Windows%20NT%2010.0%3B%20Win64%3B%20x64)%20AppleWebKit%2F537.36%20(KHTML%2C%20like%20Gecko)%20Chrome%2F77.0.3865.75%20Safari%2F537.36&dimensions[screen_resolution]=1280x720&dimensions[pixel_ratio]=1.5&dimensions[browser_resolution]=1036x529&dimensions[tz_seconds]=-25200&dimensions[timestamp]=1591347602699&dimensions[referrer]=&dimensions[request_id]=E211%3A2F08%3A1F6B2%3A2DB8C%3A5EDA0991&dimensions[visitor_id]=8261314903333800337&dimensions[region_edge]=ap-south-1&dimensions[region_render]=ap-south-1&dimensions[ga_id]=1320202212.1591347602&&measures[performance_timing]=1-480-10-1748-1002-1002-1002-540-2-2-2--1748-0---480-585-525-146--&&&dimensions[cid]=1923487266.1591347601]","Recommendation":"The requests seems to be time consuming from server/network side. This needs to be profiled"},{"ruleHeader":"Validate number of requests in a page","Message":"Total number of requests in the page is :35.Consider reducing total number of resources getting downloaded.","Recommendation":"If possible combine multiple js/css files from same domain to single js/css and CSS spriting for images also reduces the number of network calls."}],"iterationnum":1,"slastatus":"true","TotalTransactionSize":854330,"LoadTime":1753}],"URL":"https://github.com/"}],"scriptId":"5ed88376828c5d04747a35de","customerId":"5c5d651c19fb951b98b71512","applicationId":"5c5d654b19fb951b98b71513","Runid":"5eda09835bb84f1858be34fd","slastatus":true,"applicationName":"onecognizant","status":"Completed"}